id,status
87,extracted
88,extracted
89,extracted
90,extracted
91,extracted
92,extracted
93,extracted
94,extracted
95,extracted
96,extracted
97,extracted
98,extracted
99,extracted
100,extracted
101,extracted
102,extracted
103,extracted
104,extracted
105,extracted
106,extracted
107,extracted
108,extracted
109,extracted
113,extracted
114,extracted
115,extracted
116,extracted
117,extracted
118,extracted
119,extracted
120,extracted
121,extracted
123,extracted
124,extracted
125,extracted
126,extracted
127,extracted
128,extracted
129,extracted
130,extracted
131,extracted
132,extracted
134,extracted
135,extracted
137,extracted
138,extracted
149,extracted
150,extracted
151,extracted
152,extracted
153,extracted
154,extracted
155,extracted
156,extracted
157,extracted
158,extracted
159,extracted
160,extracted
161,extracted
162,extracted
163,extracted
165,extracted
166,extracted
167,extracted
168,extracted
169,extracted
170,extracted
171,extracted
172,extracted
173,extracted
174,extracted
176,extracted
177,extracted
178,extracted
179,extracted
180,extracted
181,extracted
182,extracted
185,extracted
186,extracted
187,extracted
188,extracted
189,extracted
190,extracted
191,extracted
192,extracted
193,extracted
194,extracted
195,extracted
196,extracted
197,extracted
198,extracted
199,extracted
200,extracted
201,extracted
202,extracted
203,extracted
204,extracted
205,extracted
206,extracted
207,extracted
208,extracted
209,extracted
210,extracted
211,extracted
212,extracted
213,extracted
214,extracted
215,extracted
216,extracted
217,extracted
218,extracted
219,extracted
220,extracted
221,extracted
222,extracted
223,extracted
224,extracted
225,extracted
226,extracted
227,extracted
228,extracted
229,extracted
230,extracted
231,extracted
232,extracted
233,extracted
234,extracted
235,extracted
236,extracted
237,extracted
238,extracted
239,extracted
240,extracted
241,extracted
242,extracted
243,extracted
244,extracted
245,extracted
246,extracted
247,extracted
248,extracted
249,extracted
250,extracted
251,extracted
252,extracted
253,extracted
254,extracted
255,extracted
256,extracted
257,extracted
258,extracted
259,extracted
260,extracted
261,extracted
262,extracted
263,extracted
264,extracted
265,extracted
266,extracted
267,extracted
268,extracted
269,extracted
270,extracted
271,extracted
272,extracted
273,extracted
274,extracted
275,extracted
276,extracted
277,extracted
278,extracted
279,extracted
280,extracted
281,extracted
282,extracted
283,extracted
284,extracted
285,extracted
287,extracted
288,extracted
289,extracted
290,extracted
291,extracted
292,extracted
293,extracted
294,extracted
295,extracted
296,extracted
297,extracted
383,extracted
384,extracted
395,extracted
396,extracted
397,extracted
398,extracted
400,extracted
401,extracted
403,extracted
404,extracted
405,extracted
406,extracted
407,extracted
408,extracted
409,extracted
410,extracted
411,extracted
414,extracted
416,extracted
417,extracted
418,extracted
420,extracted
421,extracted
422,extracted
423,extracted
424,extracted
425,extracted
426,extracted
427,extracted
428,extracted
429,extracted
430,extracted
431,extracted
432,extracted
433,extracted
434,extracted
435,extracted
436,extracted
437,extracted
438,extracted
439,extracted
440,extracted
441,extracted
442,extracted
443,extracted
444,extracted
445,extracted
446,extracted
447,extracted
448,extracted
450,extracted
459,extracted
460,extracted
462,extracted
463,extracted
464,extracted
465,extracted
466,extracted
467,extracted
468,extracted
469,extracted
473,extracted
474,extracted
475,extracted
493,extracted
494,extracted
496,extracted
497,extracted
498,extracted
499,extracted
500,extracted
501,extracted
502,extracted
503,extracted
511,extracted
512,extracted
513,extracted
514,extracted
515,extracted
516,extracted
517,extracted
519,extracted
520,extracted
522,extracted
523,extracted
524,extracted
525,extracted
526,extracted
528,extracted
529,extracted
531,extracted
532,extracted
534,extracted
542,extracted
543,extracted
544,extracted
545,extracted
546,extracted
547,extracted
548,extracted
549,extracted
550,extracted
551,extracted
552,extracted
553,extracted
554,extracted
555,extracted
556,extracted
557,extracted
558,extracted
559,extracted
560,extracted
561,extracted
562,extracted
563,extracted
564,extracted
565,extracted
566,extracted
567,extracted
568,extracted
570,extracted
571,extracted
572,extracted
573,extracted
574,extracted
575,extracted
576,extracted
577,extracted
578,extracted
580,extracted
581,extracted
582,extracted
583,extracted
584,extracted
585,extracted
586,extracted
587,extracted
588,extracted
589,extracted
590,extracted
591,extracted
592,extracted
593,extracted
594,extracted
595,extracted
596,extracted
597,extracted
598,extracted
599,extracted
600,extracted
601,extracted
602,extracted
603,extracted
604,extracted
605,extracted
606,extracted
607,extracted
608,extracted
609,extracted
610,extracted
611,extracted
612,extracted
613,extracted
614,extracted
619,extracted
620,extracted
621,extracted
622,extracted
623,extracted
624,extracted
625,extracted
626,extracted
628,extracted
629,extracted
630,extracted
632,extracted
633,extracted
634,extracted
635,extracted
636,extracted
637,extracted
638,extracted
639,extracted
640,extracted
641,extracted
642,extracted
647,extracted
648,extracted
649,extracted
651,extracted
656,extracted
657,extracted
658,extracted
659,extracted
660,extracted
661,extracted
662,extracted
663,extracted
664,extracted
665,extracted
666,extracted
667,extracted
668,extracted
669,extracted
670,extracted
671,extracted
672,extracted
673,extracted
674,extracted
675,extracted
676,extracted
677,extracted
678,extracted
679,extracted
680,extracted
681,extracted
682,extracted
683,extracted
684,extracted
685,extracted
686,extracted
687,extracted
688,extracted
689,extracted
690,extracted
691,extracted
692,extracted
693,extracted
694,extracted
695,extracted
696,extracted
697,extracted
698,extracted
699,extracted
700,extracted
701,extracted
702,extracted
703,extracted
704,extracted
705,extracted
706,extracted
707,extracted
708,extracted
709,extracted
710,extracted
711,extracted
712,extracted
713,extracted
714,extracted
715,extracted
716,extracted
717,extracted
718,extracted
719,extracted
720,extracted
721,extracted
722,extracted
723,extracted
724,extracted
725,extracted
726,extracted
727,extracted
728,extracted
729,extracted
730,extracted
731,extracted
732,extracted
733,extracted
734,extracted
735,extracted
736,extracted
737,extracted
738,extracted
739,extracted
740,extracted
741,extracted
742,extracted
743,extracted
744,extracted
745,extracted
746,extracted
747,extracted
748,extracted
749,extracted
750,extracted
751,extracted
752,extracted
753,extracted
754,extracted
755,extracted
756,extracted
757,extracted
758,extracted
759,extracted
760,extracted
761,extracted
762,extracted
763,extracted
764,extracted
765,extracted
766,extracted
767,extracted
768,extracted
769,extracted
770,extracted
771,extracted
772,extracted
773,extracted
775,extracted
776,extracted
777,extracted
778,extracted
779,extracted
780,extracted
781,extracted
782,extracted
783,extracted
784,extracted
785,extracted
786,extracted
787,extracted
788,extracted
789,extracted
790,extracted
791,extracted
792,extracted
793,extracted
794,extracted
795,extracted
796,extracted
797,extracted
799,extracted
800,extracted
801,extracted
802,extracted
803,extracted
804,extracted
805,extracted
806,extracted
807,extracted
808,extracted
809,extracted
810,extracted
811,extracted
812,extracted
813,extracted
814,extracted
815,extracted
816,extracted
817,extracted
818,extracted
819,extracted
820,extracted
821,extracted
823,extracted
824,extracted
825,extracted
826,extracted
827,extracted
828,extracted
829,extracted
830,extracted
831,extracted
832,extracted
833,extracted
834,extracted
835,extracted
836,extracted
837,extracted
838,extracted
839,extracted
840,extracted
841,extracted
842,extracted
843,extracted
844,extracted
845,extracted
846,extracted
847,extracted
848,extracted
849,extracted
850,extracted
851,extracted
852,extracted
854,extracted
855,extracted
856,extracted
857,extracted
859,extracted
860,extracted
861,extracted
862,extracted
863,extracted
864,extracted
865,extracted
866,extracted
867,extracted
868,extracted
869,extracted
870,extracted
871,extracted
872,extracted
873,extracted
874,extracted
875,extracted
876,extracted
877,extracted
878,extracted
879,extracted
880,extracted
881,extracted
882,extracted
883,extracted
884,extracted
885,extracted
886,extracted
887,extracted
888,extracted
889,extracted
890,extracted
891,extracted
892,extracted
893,extracted
894,extracted
895,extracted
896,extracted
897,extracted
898,extracted
899,extracted
900,extracted
901,extracted
902,extracted
903,extracted
904,extracted
905,extracted
906,extracted
907,extracted
908,extracted
909,extracted
910,extracted
911,extracted
912,extracted
913,extracted
914,extracted
915,extracted
916,extracted
917,extracted
918,extracted
919,extracted
920,extracted
921,extracted
922,extracted
923,extracted
924,extracted
925,extracted
926,extracted
927,extracted
928,extracted
929,extracted
930,extracted
931,extracted
932,extracted
933,extracted
934,extracted
935,extracted
936,extracted
937,extracted
938,extracted
939,extracted
940,extracted
941,extracted
942,extracted
943,extracted
944,extracted
945,extracted
946,extracted
947,extracted
948,extracted
949,extracted
950,extracted
951,extracted
952,extracted
953,extracted
954,extracted
955,extracted
956,extracted
957,extracted
958,extracted
959,extracted
960,extracted
961,extracted
962,extracted
963,extracted
964,extracted
965,extracted
966,extracted
967,extracted
968,extracted
969,extracted
970,extracted
971,extracted
972,extracted
973,extracted
974,extracted
975,extracted
976,extracted
977,extracted
978,extracted
979,extracted
980,extracted
981,extracted
982,extracted
983,extracted
984,extracted
985,extracted
986,extracted
987,extracted
988,extracted
989,extracted
990,extracted
991,extracted
992,extracted
993,extracted
994,extracted
995,extracted
996,extracted
997,extracted
998,extracted
999,extracted
1000,extracted
1001,extracted
1002,extracted
1003,extracted
1004,extracted
1005,extracted
1006,extracted
1007,extracted
1008,extracted
1009,extracted
1010,extracted
1011,extracted
1012,extracted
1013,extracted
1014,extracted
1015,extracted
1016,extracted
1017,extracted
1018,extracted
1019,extracted
1020,extracted
1021,extracted
1022,extracted
1023,extracted
1024,extracted
1025,extracted
1026,extracted
1027,extracted
1028,extracted
1029,extracted
1030,extracted
1031,extracted
1032,extracted
1033,extracted
1034,extracted
1035,extracted
1036,extracted
1037,extracted
1038,extracted
1039,extracted
1040,extracted
1041,extracted
1042,extracted
1043,extracted
1044,extracted
1045,extracted
1046,extracted
1047,extracted
1048,extracted
1049,extracted
1050,extracted
1051,extracted
1052,extracted
1053,extracted
1054,extracted
1055,extracted
1056,extracted
1057,extracted
1058,extracted
1059,extracted
1060,extracted
1061,extracted
1062,extracted
1063,extracted
1064,extracted
1065,extracted
1066,extracted
1067,extracted
1068,extracted
1069,extracted
1070,extracted
1071,extracted
1072,extracted
1073,extracted
1074,extracted
1075,extracted
1076,extracted
1077,extracted
1078,extracted
1079,extracted
1080,extracted
1081,extracted
1082,extracted
1083,extracted
1084,extracted
1085,extracted
1086,finished
1087,finished
1088,finished
1089,finished
1090,extracted
1091,extracted
1092,extracted
1093,extracted
1094,extracted
1095,extracted
1096,extracted
1097,extracted
1098,extracted
1099,extracted
1100,extracted
1101,extracted
1102,extracted
1103,extracted
1104,extracted
1105,extracted
1106,extracted
1107,extracted
1108,extracted
1109,extracted
1110,extracted
1111,extracted
1112,extracted
1113,extracted
1114,extracted
1115,extracted
1116,extracted
1117,extracted
1118,extracted
1119,extracted
1120,extracted
1121,extracted
1122,extracted
1123,extracted
1124,extracted
1125,extracted
1126,extracted
1127,extracted
1128,extracted
1129,extracted
1130,extracted
1131,extracted
1132,extracted
1133,extracted
1134,extracted
1135,extracted
1136,extracted
1137,extracted
1138,extracted
1139,extracted
1140,extracted
1141,extracted
1142,extracted
1143,extracted
1144,extracted
1145,extracted
1146,extracted
1147,extracted
1148,extracted
1149,extracted
1150,extracted
1151,extracted
1152,extracted
1153,extracted
1154,extracted
1155,extracted
1156,running
1157,running
1158,running
1159,running
1160,running
1161,extracted
1162,extracted
1163,extracted
1164,extracted
1165,extracted
1166,extracted
1167,running
1168,running
1169,running
1170,extracted
1171,extracted
1172,extracted
1173,extracted
1174,extracted
1175,extracted
1176,extracted
1177,extracted
1178,extracted
1179,extracted
1180,extracted
1181,extracted
1182,extracted
1183,extracted
1184,extracted
1185,extracted
1186,extracted
1187,extracted
1188,extracted
1189,extracted
1190,extracted
1191,extracted
1192,extracted
1193,extracted
1194,extracted
1195,extracted
1196,extracted
1197,extracted
1198,extracted
1199,extracted
1200,extracted
1201,extracted
1202,extracted
1203,extracted
1204,extracted
1205,extracted
1206,extracted
1207,extracted
1208,extracted
1210,extracted
1211,extracted
1212,extracted
1213,extracted
1214,extracted
1215,extracted
1216,extracted
1217,extracted
1218,extracted
1219,extracted
1220,extracted
1221,extracted
1222,extracted
1223,extracted
1224,extracted
1225,created
1226,created
1227,extracted
1228,extracted
1229,extracted
1230,extracted
1231,extracted
1232,extracted
1233,extracted
1234,extracted
1235,extracted
1236,extracted
1237,extracted
1238,extracted
1239,extracted
1240,extracted
1241,extracted
1242,extracted
1243,extracted
1244,extracted
1245,extracted
1246,extracted
1247,extracted
1248,extracted
1249,extracted
1250,extracted
1251,extracted
1252,extracted
1253,extracted
1254,extracted
1255,extracted
1256,extracted
1257,extracted
1258,extracted
1259,extracted
1260,extracted
1261,extracted
1262,extracted
1263,extracted
1264,extracted
1265,extracted
1266,extracted
1267,extracted
1268,extracted
1269,extracted
1270,extracted
1271,finished
1272,created
1273,extracted
1275,created
1276,extracted
1277,created
1278,created
1279,created
1280,created
1281,extracted
1282,extracted
1283,extracted
1284,extracted
1285,extracted
1286,extracted
1287,extracted
1288,extracted
1289,extracted
1290,extracted
1291,extracted
1292,extracted
1293,extracted
1294,extracted
1295,extracted
1296,extracted
1297,extracted
1298,extracted
1299,extracted
1300,extracted
1301,extracted
1302,extracted
1303,extracted
1304,extracted
1305,extracted
1306,extracted
1307,extracted
1308,extracted
1309,extracted
1310,extracted
1311,extracted
1312,extracted
1313,extracted
1314,extracted
1315,extracted
1316,extracted
1317,extracted
1318,created
1319,extracted
1320,created
1321,extracted
1322,extracted
1323,extracted
1324,extracted
1325,extracted
1326,finished
1327,extracted
1328,extracted
1329,extracted
1330,extracted
1331,extracted
1332,extracted
1333,extracted
1334,extracted
1335,extracted
1336,extracted
1337,extracted
1338,extracted
1339,extracted
1340,extracted
1341,extracted
1342,extracted
1343,extracted
1344,extracted
1345,extracted
1346,extracted
1347,extracted
1348,extracted
1349,extracted
1350,extracted
1351,extracted
1352,extracted
1353,extracted
1354,extracted
1355,extracted
1356,extracted
1357,extracted
1358,extracted
1359,extracted
1360,extracted
1361,extracted
1362,extracted
1363,extracted
1364,extracted
1365,extracted
1366,extracted
1367,extracted
1368,extracted
1369,extracted
1370,extracted
1371,extracted
1372,extracted
1373,extracted
1374,extracted
1375,extracted
1376,extracted
1377,extracted
1378,extracted
1379,extracted
1380,extracted
1381,extracted
1382,extracted
1383,extracted
1384,extracted
1385,extracted
1386,extracted
1387,extracted
1388,extracted
1389,extracted
1390,extracted
1391,extracted
1392,extracted
1393,extracted
1394,extracted
1395,extracted
1396,extracted
1397,extracted
1398,extracted
1399,extracted
1400,extracted
1401,extracted
1402,extracted
1403,extracted
1404,extracted
1405,extracted
1406,extracted
1407,extracted
1408,extracted
1409,extracted
1410,extracted
1411,extracted
1412,extracted
1413,extracted
1414,extracted
1415,extracted
1416,extracted
1417,extracted
1418,extracted
1419,extracted
1420,extracted
1421,extracted
1422,extracted
1423,extracted
1424,extracted
1425,extracted
1426,extracted
1427,extracted
1428,extracted
1429,extracted
1430,extracted
1431,extracted
1432,extracted
1433,extracted
1434,extracted
1435,extracted
1436,extracted
1437,extracted
1438,extracted
1439,extracted
1440,extracted
1441,extracted
1442,extracted
1443,extracted
1444,extracted
1445,extracted
1446,extracted
1447,extracted
1448,extracted
1449,extracted
1450,extracted
1451,extracted
1452,extracted
1453,extracted
1454,extracted
1455,extracted
1456,extracted
1457,extracted
1458,extracted
1459,extracted
1460,extracted
1461,extracted
1462,extracted
1463,extracted
1464,extracted
1465,extracted
1466,extracted
1467,extracted
1468,extracted
1469,extracted
1470,extracted
1471,extracted
1472,extracted
1473,extracted
1474,extracted
1475,extracted
1476,extracted
1477,extracted
1478,extracted
1479,extracted
1480,extracted
1481,extracted
1482,extracted
1483,extracted
1484,extracted
1485,extracted
1486,extracted
1487,extracted
1488,extracted
1489,extracted
1490,extracted
1491,extracted
1492,extracted
1493,extracted
1494,extracted
1495,extracted
1496,extracted
1497,extracted
1498,extracted
1499,extracted
1500,extracted
1501,extracted
1502,extracted
1503,extracted
1504,extracted
1505,extracted
1506,extracted
1507,extracted
1508,extracted
1509,extracted
1510,extracted
1511,extracted
1512,extracted
1513,extracted
1514,extracted
1515,extracted
1516,extracted
1517,extracted
1518,extracted
1519,extracted
1520,extracted
1521,extracted
1522,extracted
1523,extracted
1524,extracted
1525,extracted
1526,extracted
1527,extracted
1528,extracted
1529,extracted
1530,extracted
1531,extracted
1532,extracted
1533,extracted
1534,extracted
1535,extracted
1536,extracted
1537,extracted
1538,extracted
1539,extracted
1540,extracted
1541,extracted
1542,extracted
1543,extracted
1544,extracted
1545,extracted
1546,extracted
1547,extracted
1548,extracted
1549,extracted
1550,extracted
1551,extracted
1552,extracted
1553,extracted
1554,extracted
1555,extracted
1556,extracted
1557,extracted
1558,extracted
1559,extracted
1560,extracted
1561,extracted
1562,extracted
1563,extracted
1564,extracted
1565,extracted
1566,extracted
1567,extracted
1568,extracted
1569,extracted
1570,extracted
1571,extracted
1572,extracted
1573,extracted
1574,extracted
1575,extracted
1576,extracted
1577,extracted
1578,extracted
1579,extracted
1580,extracted
1581,extracted
1582,extracted
1583,extracted
1584,extracted
1585,extracted
1586,extracted
1587,extracted
1588,extracted
1589,extracted
1590,extracted
1591,extracted
1592,extracted
1593,extracted
1594,extracted
1595,extracted
1596,extracted
1597,extracted
1598,extracted
1599,extracted
1600,extracted
1601,extracted
1602,extracted
1603,extracted
1604,extracted
1605,extracted
1606,extracted
1607,extracted
1608,extracted
1609,extracted
1610,extracted
1611,extracted
1612,extracted
1613,extracted
1614,extracted
1615,extracted
1616,extracted
1617,extracted
1618,extracted
1619,extracted
1620,extracted
1621,extracted
1622,extracted
1623,extracted
1624,extracted
1625,extracted
1626,extracted
1627,extracted
1628,extracted
1629,extracted
1630,extracted
1631,extracted
1632,extracted
1633,extracted
1634,extracted
1635,extracted
1636,extracted
1637,extracted
1638,extracted
1639,extracted
1640,extracted
1641,extracted
1642,extracted
1643,extracted
1644,extracted
1645,extracted
1646,extracted
1647,extracted
1648,extracted
1649,extracted
1650,extracted
1651,extracted
1652,extracted
1653,extracted
1654,extracted
1655,extracted
1656,extracted
1657,extracted
1658,extracted
1659,extracted
1660,extracted
1661,extracted
1662,extracted
1663,running
1664,extracted
1665,extracted
1666,extracted
1667,running
1668,running
1669,running
1670,running
1671,running
1672,running
1673,running
